,n_genes,n_genes_by_counts,total_counts,total_counts_mt,pct_counts_mt
45,3824,3813,13455,0,0.0
50,4009,3998,14378,0,0.0
52,2424,2422,9790,0,0.0
83,3180,3178,11100,0,0.0
97,2966,2958,13069,0,0.0
104,3357,3342,9913,0,0.0
106,3584,3575,15190,0,0.0
127,3260,3255,9095,0,0.0
131,3541,3531,15121,0,0.0
138,3035,3030,9003,0,0.0
139,3148,3144,10924,0,0.0
143,3607,3601,12722,0,0.0
154,3948,3944,11792,0,0.0
155,3792,3782,10516,0,0.0
157,3330,3318,9998,0,0.0
186,3861,3852,11648,0,0.0
189,3445,3436,9809,0,0.0
199,3043,3039,7117,0,0.0
200,2681,2673,7092,0,0.0
202,3422,3416,12294,0,0.0
203,2300,2291,6958,0,0.0
204,2995,2983,8377,0,0.0
205,3179,3158,8024,0,0.0
206,3133,3127,7996,0,0.0
207,3076,3072,9553,0,0.0
208,3336,3328,9250,0,0.0
209,2864,2863,9286,0,0.0
210,3457,3446,14308,0,0.0
212,3951,3942,14173,0,0.0
213,3167,3165,8007,0,0.0
214,3386,3382,9330,0,0.0
215,3586,3583,9422,0,0.0
216,3804,3797,10701,0,0.0
218,2162,2160,6245,0,0.0
219,3986,3981,13538,0,0.0
220,3050,3045,10492,0,0.0
221,3173,3169,10195,0,0.0
222,3693,3689,12262,0,0.0
223,3582,3578,9791,0,0.0
224,3653,3649,9854,0,0.0
225,3712,3706,10832,0,0.0
227,3468,3463,11737,0,0.0
228,2648,2644,8155,0,0.0
229,3828,3823,12862,0,0.0
234,2694,2692,6661,0,0.0
235,3623,3620,10404,0,0.0
236,3221,3214,7538,0,0.0
237,3888,3879,10293,0,0.0
238,2968,2968,6184,0,0.0
240,3532,3519,12165,0,0.0
241,3710,3704,13437,0,0.0
242,3129,3128,7687,0,0.0
243,3052,3049,7073,0,0.0
244,3884,3880,11968,0,0.0
245,3304,3299,12485,0,0.0
247,3900,3881,13308,0,0.0
248,3871,3861,11266,0,0.0
249,2906,2905,7597,0,0.0
250,3366,3360,9028,0,0.0
252,2627,2624,9569,0,0.0
253,3068,3064,7047,0,0.0
254,3331,3323,8449,0,0.0
255,3285,3278,8235,0,0.0
256,3413,3404,10435,0,0.0
257,3509,3505,9755,0,0.0
258,3322,3320,9922,0,0.0
259,3001,2997,8315,0,0.0
260,3066,3062,8490,0,0.0
261,3183,3172,8159,0,0.0
262,3444,3440,12488,0,0.0
263,3011,3004,9891,0,0.0
264,3892,3879,10480,0,0.0
265,3055,3050,9438,0,0.0
266,2936,2917,9473,0,0.0
267,2569,2560,11036,0,0.0
268,3771,3767,10416,0,0.0
269,3030,3027,9800,0,0.0
271,2296,2293,5583,0,0.0
273,3846,3843,12128,0,0.0
274,3070,3068,10725,0,0.0
275,3691,3666,10710,0,0.0
276,3095,3091,6739,0,0.0
277,2911,2908,10677,0,0.0
278,2570,2567,5788,0,0.0
279,2490,2490,5482,0,0.0
280,3139,3134,7996,0,0.0
282,3898,3893,9967,0,0.0
283,3431,3425,9210,0,0.0
284,3421,3419,9524,0,0.0
288,3855,3849,12496,0,0.0
313,3908,3898,12531,0,0.0
322,3336,3331,12915,0,0.0
323,3610,3604,14478,0,0.0
354,3884,3866,14020,0,0.0
357,3547,3540,9326,0,0.0
358,2743,2738,6548,0,0.0
359,2430,2420,7682,0,0.0
360,3503,3494,9542,0,0.0
361,2310,2298,9772,0,0.0
363,3365,3354,8939,0,0.0
366,3719,3708,12625,0,0.0
367,3115,3110,8427,0,0.0
368,3060,3050,8355,0,0.0
372,2725,2724,6802,0,0.0
373,3888,3881,13574,0,0.0
377,3893,3887,12346,0,0.0
378,3288,3286,10527,0,0.0
381,3689,3679,9450,0,0.0
387,2881,2874,9603,0,0.0
388,3157,3152,7635,0,0.0
389,3527,3518,11259,0,0.0
390,4005,3998,17112,0,0.0
392,3326,3320,8792,0,0.0
394,3810,3805,11029,0,0.0
396,3208,3203,10270,0,0.0
398,2389,2380,8659,0,0.0
399,3216,3215,7905,0,0.0
400,3902,3896,10679,0,0.0
401,3706,3695,9542,0,0.0
404,2862,2854,7854,0,0.0
405,3533,3517,14713,0,0.0
406,3651,3644,15548,0,0.0
407,3207,3202,9136,0,0.0
408,3266,3260,9091,0,0.0
409,3590,3581,9410,0,0.0
410,3043,3040,7249,0,0.0
411,2764,2760,5938,0,0.0
412,2728,2727,7189,0,0.0
414,2056,2053,6799,0,0.0
417,3114,3110,7020,0,0.0
418,3693,3689,9332,0,0.0
422,3922,3915,10407,0,0.0
423,3722,3711,10435,0,0.0
425,3446,3439,10527,0,0.0
426,3820,3814,11683,0,0.0
429,3350,3346,9240,0,0.0
430,3483,3480,8960,0,0.0
431,3930,3901,12810,0,0.0
433,3952,3950,11423,0,0.0
436,3560,3557,10031,0,0.0
441,3572,3567,10188,0,0.0
442,3472,3469,10590,0,0.0
443,3418,3414,13985,0,0.0
444,3437,3430,8856,0,0.0
445,3475,3468,8682,0,0.0
446,2819,2811,6221,0,0.0
448,3984,3977,11562,0,0.0
449,3814,3811,11803,0,0.0
452,2781,2778,10646,0,0.0
453,3662,3656,9225,0,0.0
454,2768,2763,8720,0,0.0
455,2972,2967,8088,0,0.0
456,3159,3157,7780,0,0.0
457,3500,3497,7942,0,0.0
458,3843,3835,18404,0,0.0
459,3175,3171,7880,0,0.0
462,3806,3799,9917,0,0.0
463,3435,3431,8990,0,0.0
464,2907,2902,6975,0,0.0
465,3052,3046,7438,0,0.0
466,3302,3296,12849,0,0.0
467,2773,2768,8681,0,0.0
471,3149,3145,11119,0,0.0
476,3485,3482,9760,0,0.0
477,3221,3216,8338,0,0.0
478,3110,3100,8127,0,0.0
484,3700,3694,8774,0,0.0
487,3656,3652,8934,0,0.0
489,3998,3992,12213,0,0.0
493,3746,3738,11312,0,0.0
511,3852,3845,13646,0,0.0
516,3619,3617,12620,0,0.0
518,3995,3986,14207,0,0.0
520,3533,3513,13262,0,0.0
521,2623,2614,8833,0,0.0
522,3731,3727,12183,0,0.0
523,3877,3866,10367,0,0.0
524,3437,3436,8611,0,0.0
525,2850,2845,6722,0,0.0
526,3384,3381,8900,0,0.0
527,3053,3050,7688,0,0.0
528,3125,3119,9242,0,0.0
529,3132,3128,7409,0,0.0
530,2991,2986,7435,0,0.0
531,2889,2882,7571,0,0.0
532,3706,3702,10831,0,0.0
533,2432,2428,8735,0,0.0
534,3585,3582,11930,0,0.0
535,2634,2628,6120,0,0.0
536,3740,3730,11580,0,0.0
538,3134,3124,11317,0,0.0
539,2584,2580,7311,0,0.0
540,3827,3824,15134,0,0.0
542,3619,3616,9877,0,0.0
543,3938,3933,12853,0,0.0
544,3392,3386,11672,0,0.0
545,3071,3066,10708,0,0.0
546,3628,3617,14067,0,0.0
547,3857,3855,16553,0,0.0
556,3807,3798,19254,0,0.0
558,3822,3814,17286,0,0.0
565,3979,3966,15843,0,0.0
569,3231,3226,17526,0,0.0
571,3685,3675,14089,0,0.0
576,3990,3984,16541,0,0.0
579,3709,3701,16720,0,0.0
581,3320,3317,11572,0,0.0
587,3573,3569,13051,0,0.0
591,3003,2993,12968,0,0.0
600,3825,3816,12137,0,0.0
614,3710,3707,11491,0,0.0
620,3938,3932,12836,0,0.0
623,3605,3597,16543,0,0.0
624,3652,3647,15536,0,0.0
629,3956,3945,13758,0,0.0
630,3103,3100,7675,0,0.0
632,3267,3261,8851,0,0.0
633,2637,2633,6475,0,0.0
635,3674,3664,11648,0,0.0
636,3878,3858,12773,0,0.0
637,3143,3130,8844,0,0.0
638,3154,3141,8369,0,0.0
639,3088,3080,7949,0,0.0
641,2871,2860,11114,0,0.0
642,2988,2982,8069,0,0.0
643,2882,2877,7492,0,0.0
644,3584,3578,8887,0,0.0
646,3624,3621,10228,0,0.0
649,3972,3960,12271,0,0.0
650,3743,3737,10607,0,0.0
651,3978,3966,11412,0,0.0
652,3710,3705,11761,0,0.0
656,3184,3175,8234,0,0.0
659,3569,3560,10207,0,0.0
660,2902,2892,11400,0,0.0
664,3813,3812,10588,0,0.0
665,3857,3850,11203,0,0.0
680,3109,3103,11084,0,0.0
681,3540,3526,10357,0,0.0
682,3845,3839,10367,0,0.0
685,2898,2894,6925,0,0.0
686,3851,3846,9532,0,0.0
687,3079,3074,8542,0,0.0
693,3413,3410,12761,0,0.0
706,3439,3432,14376,0,0.0
709,3704,3697,9578,0,0.0
719,3483,3481,9880,0,0.0
720,2535,2528,8568,0,0.0
722,3674,3671,11268,0,0.0
734,3819,3814,10431,0,0.0
735,3488,3482,11057,0,0.0
738,3174,3171,8290,0,0.0
739,3694,3689,15304,0,0.0
741,3791,3783,11068,0,0.0
743,3449,3441,9940,0,0.0
744,3274,3270,9125,0,0.0
747,3687,3656,8379,0,0.0
748,3596,3566,10264,0,0.0
754,3354,3347,8916,0,0.0
755,3917,3849,10891,0,0.0
760,3806,3790,10327,0,0.0
763,3676,3625,11091,0,0.0
770,3455,3440,8174,0,0.0
772,3356,3352,13437,0,0.0
785,3677,3667,8761,0,0.0
788,3609,3604,10146,0,0.0
794,3675,3673,9449,0,0.0
795,3727,3723,12776,0,0.0
796,3863,3858,12229,0,0.0
798,3007,3004,11431,0,0.0
800,3711,3704,10182,0,0.0
809,3405,3403,9561,0,0.0
810,3418,3414,9704,0,0.0
811,3726,3725,10597,0,0.0
812,3929,3916,9860,0,0.0
813,3608,3604,14192,0,0.0
816,3108,3104,10306,0,0.0
834,3832,3825,10619,0,0.0
838,3851,3832,10556,0,0.0
848,3774,3772,17113,0,0.0
859,3831,3827,16374,0,0.0
866,3452,3442,7771,0,0.0
872,3843,3826,9022,0,0.0
875,3919,3914,14595,0,0.0
913,3642,3638,15631,0,0.0
915,3846,3845,13146,0,0.0
1061,3876,3873,17419,0,0.0
1087,3746,3742,16730,0,0.0
1101,3596,3592,13501,0,0.0
1102,3531,3527,12641,0,0.0
1116,3815,3812,12967,0,0.0
1153,3769,3763,11180,0,0.0
1158,3865,3863,10738,0,0.0
1345,3509,3507,13930,0,0.0
1346,2936,2933,12339,0,0.0
1347,3244,3241,10607,0,0.0
1348,2591,2579,12618,0,0.0
1349,3183,3182,13678,0,0.0
1350,2886,2884,12020,0,0.0
1351,2704,2704,11406,0,0.0
1352,3409,3407,10824,0,0.0
1353,2654,2646,10336,0,0.0
1354,4006,3997,14129,0,0.0
1355,3211,3210,12816,0,0.0
1356,2441,2439,7930,0,0.0
1357,2168,2167,8583,0,0.0
1358,3349,3340,8866,0,0.0
1359,3470,3468,10614,0,0.0
1360,2655,2640,7840,0,0.0
1361,3214,3210,7732,0,0.0
1362,3301,3299,8268,0,0.0
1364,2329,2327,5994,0,0.0
1365,3720,3712,8970,0,0.0
1366,2657,2655,5967,0,0.0
1367,2925,2923,6450,0,0.0
1368,3182,3180,7010,0,0.0
1369,3049,3044,6635,0,0.0
1370,3701,3694,8866,0,0.0
1371,2921,2886,5726,0,0.0
1373,3477,3469,8125,0,0.0
1374,3268,3266,9494,0,0.0
1376,3282,3280,12861,0,0.0
1377,3182,3182,10246,0,0.0
1378,2684,2681,11416,0,0.0
1379,3897,3878,14521,0,0.0
1380,3402,3398,12870,0,0.0
1381,3732,3727,10677,0,0.0
1382,3696,3689,14288,0,0.0
1383,2741,2741,12961,0,0.0
1384,2362,2361,8528,0,0.0
1385,3174,3166,9668,0,0.0
1387,2946,2943,9819,0,0.0
1388,2565,2556,6890,0,0.0
1389,2666,2666,7514,0,0.0
1390,2397,2395,6049,0,0.0
1391,2657,2655,6443,0,0.0
1392,2767,2767,5652,0,0.0
1393,3663,3655,8506,0,0.0
1394,2803,2801,7585,0,0.0
1395,3613,3607,10306,0,0.0
1396,3729,3724,11211,0,0.0
1397,3715,3705,9338,0,0.0
1398,3234,3231,7744,0,0.0
1399,3544,3542,10290,0,0.0
1400,3649,3643,9587,0,0.0
1401,3706,3696,10915,0,0.0
1402,3579,3576,14377,0,0.0
1403,3094,3086,12088,0,0.0
1404,3424,3420,12633,0,0.0
1405,3380,3375,11212,0,0.0
1406,3200,3199,10277,0,0.0
1407,2332,2331,8508,0,0.0
1408,2594,2591,9324,0,0.0
1409,3985,3980,13270,0,0.0
1410,2146,2146,7053,0,0.0
1411,2280,2276,5918,0,0.0
1412,3848,3839,10394,0,0.0
1413,3165,3160,6997,0,0.0
1414,3255,3253,8188,0,0.0
1416,3965,3958,10934,0,0.0
1417,2929,2927,8006,0,0.0
1418,2573,2571,5379,0,0.0
1419,3220,3219,7342,0,0.0
1420,3579,3574,9444,0,0.0
1421,3308,3303,7851,0,0.0
1422,3183,3182,7620,0,0.0
1423,3815,3806,9619,0,0.0
1424,3855,3854,10209,0,0.0
1427,3752,3747,11610,0,0.0
1428,3488,3484,9327,0,0.0
1429,3745,3745,9026,0,0.0
1432,3623,3617,12190,0,0.0
1433,3195,3195,8771,0,0.0
1434,3109,3107,8030,0,0.0
1435,2292,2289,6347,0,0.0
1436,3530,3526,8295,0,0.0
1437,3523,3520,8520,0,0.0
1438,3184,3180,9707,0,0.0
1439,3919,3916,11644,0,0.0
1440,3989,3981,11454,0,0.0
1443,3104,3099,7798,0,0.0
1444,3750,3743,10753,0,0.0
1445,3765,3753,9803,0,0.0
1446,3323,3316,8671,0,0.0
1447,3044,3043,8824,0,0.0
1448,3247,3245,9088,0,0.0
1452,2737,2735,12924,0,0.0
1454,3789,3786,14026,0,0.0
1455,3577,3573,9597,0,0.0
1456,3735,3730,8532,0,0.0
1457,2403,2403,5484,0,0.0
1459,3785,3754,10902,0,0.0
1460,3841,3838,11247,0,0.0
1461,3991,3987,11445,0,0.0
1462,3014,3011,7405,0,0.0
1464,3591,3588,10051,0,0.0
1465,3001,3001,7166,0,0.0
1466,3630,3625,10316,0,0.0
1469,3506,3499,8200,0,0.0
1470,3046,3045,8326,0,0.0
1471,3593,3589,9284,0,0.0
1472,3157,3156,7887,0,0.0
1473,3912,3909,11668,0,0.0
1475,3963,3956,10871,0,0.0
1477,3794,3784,9426,0,0.0
1478,3493,3489,10144,0,0.0
1479,3841,3837,10159,0,0.0
1480,3836,3835,10002,0,0.0
1485,3135,3134,7634,0,0.0
1486,2848,2845,6261,0,0.0
1487,3226,3223,8950,0,0.0
1488,3845,3845,11048,0,0.0
1490,3613,3610,9271,0,0.0
1491,3081,3079,7359,0,0.0
1492,3899,3893,11110,0,0.0
1494,3722,3722,10753,0,0.0
1495,3557,3552,11373,0,0.0
1497,3081,3079,6981,0,0.0
1498,3740,3733,10315,0,0.0
1499,3603,3599,9315,0,0.0
1500,3723,3714,11388,0,0.0
1506,3829,3825,10680,0,0.0
1507,3392,3388,9750,0,0.0
1513,3193,3193,7344,0,0.0
1514,2978,2975,6840,0,0.0
1515,3197,3193,7679,0,0.0
1516,2952,2946,7330,0,0.0
1518,3241,3241,8051,0,0.0
1521,3866,3866,11019,0,0.0
1523,3790,3789,10558,0,0.0
1526,4002,3990,12100,0,0.0
1528,3834,3829,11661,0,0.0
1535,3756,3736,10600,0,0.0
1536,3303,3300,9055,0,0.0
1537,3060,3056,7947,0,0.0
1539,3472,3467,10471,0,0.0
1540,3433,3429,8868,0,0.0
1541,3051,3051,7187,0,0.0
1542,3783,3769,9803,0,0.0
1549,3474,3471,9303,0,0.0
1550,3941,3939,10663,0,0.0
1552,3150,3147,7694,0,0.0
1553,3740,3737,10778,0,0.0
1554,3804,3797,9748,0,0.0
1555,3758,3757,10103,0,0.0
1556,3546,3542,10243,0,0.0
1559,3999,3998,11221,0,0.0
1561,3994,3990,11903,0,0.0
1569,3232,3229,7437,0,0.0
1572,3906,3903,11264,0,0.0
1573,3944,3940,10201,0,0.0
1583,3926,3922,11174,0,0.0
1587,3370,3368,8222,0,0.0
1588,3627,3625,11658,0,0.0
1589,3253,3251,8068,0,0.0
1590,3740,3736,11066,0,0.0
1593,3917,3915,10988,0,0.0
1600,3164,3164,7935,0,0.0
1601,3795,3789,10812,0,0.0
1604,3768,3765,10329,0,0.0
1605,3762,3760,11651,0,0.0
1606,3799,3788,11707,0,0.0
1631,1578,1573,5367,0,0.0
1634,3910,3903,23599,0,0.0
1635,3861,3850,27984,0,0.0
1637,3786,3774,16989,0,0.0
1638,3462,3454,13388,0,0.0
1640,2966,2960,14599,0,0.0
1641,3115,3103,20290,0,0.0
1642,3466,3462,15438,0,0.0
1643,3724,3715,17719,0,0.0
1645,1715,1707,5658,0,0.0
1646,2965,2957,9737,0,0.0
1647,3580,3571,15246,0,0.0
1648,1885,1880,4596,0,0.0
1649,2826,2824,7603,0,0.0
1650,2595,2590,6492,0,0.0
1651,3333,3330,10686,0,0.0
1652,3496,3467,7898,0,0.0
1653,3419,3413,12331,0,0.0
1654,3564,3552,12144,0,0.0
1655,2083,2082,5581,0,0.0
1657,3357,3353,12829,0,0.0
1658,3076,3069,8478,0,0.0
1659,3686,3675,13069,0,0.0
1660,2166,2166,6841,0,0.0
1661,2908,2902,9297,0,0.0
1662,3207,3200,7733,0,0.0
1663,1502,1500,3343,0,0.0
1664,1982,1977,4046,0,0.0
1665,2784,2779,9312,0,0.0
1666,2698,2690,8235,0,0.0
1667,1948,1944,4126,0,0.0
1668,1827,1826,5866,0,0.0
1669,2734,2733,9387,0,0.0
1670,2344,2339,6518,0,0.0
1671,2563,2559,13111,0,0.0
1672,2736,2732,13607,0,0.0
1673,2920,2912,14020,0,0.0
1674,2933,2929,13910,0,0.0
1675,3926,3913,32831,0,0.0
1676,3678,3675,23209,0,0.0
1677,3540,3531,31736,0,0.0
1678,3013,3007,18972,0,0.0
1680,3646,3639,14537,0,0.0
1683,3102,3098,14296,0,0.0
1685,3811,3791,23608,0,0.0
1687,3366,3356,14901,0,0.0
1689,3433,3429,11492,0,0.0
1690,3656,3632,12368,0,0.0
1691,2316,2315,7732,0,0.0
1692,2943,2943,8827,0,0.0
1694,2698,2695,7401,0,0.0
1695,2260,2259,5840,0,0.0
1696,2954,2951,8523,0,0.0
1697,2714,2709,10384,0,0.0
1699,3249,3240,10775,0,0.0
1700,2767,2765,8324,0,0.0
1701,2638,2636,7906,0,0.0
1702,1922,1919,4230,0,0.0
1703,2670,2665,8034,0,0.0
1704,2286,2283,6110,0,0.0
1705,3048,3045,6407,0,0.0
1706,1340,1338,2776,0,0.0
1707,1827,1827,6636,0,0.0
1708,2182,2180,6653,0,0.0
1709,2970,2959,12185,0,0.0
1710,3413,3405,9695,0,0.0
1712,2421,2419,8273,0,0.0
1713,3385,3375,19771,0,0.0
1714,1813,1809,8434,0,0.0
1715,3065,2995,7885,0,0.0
1716,2855,2850,9380,0,0.0
1717,3035,3020,9436,0,0.0
1718,3761,3757,13191,0,0.0
1719,3209,3167,9469,0,0.0
1720,2845,2810,7998,0,0.0
1721,2818,2813,12686,0,0.0
1722,2912,2905,14825,0,0.0
1723,3524,3508,12657,0,0.0
1724,2765,2760,11747,0,0.0
1725,3116,3108,15699,0,0.0
1726,3097,3090,10208,0,0.0
1727,3169,3164,13658,0,0.0
1728,2827,2822,13267,0,0.0
1729,2975,2970,10989,0,0.0
1732,3673,3665,15056,0,0.0
1735,2578,2574,10631,0,0.0
1737,3189,3183,12232,0,0.0
1739,3446,3437,13962,0,0.0
1741,3045,3040,12350,0,0.0
1742,3468,3459,13033,0,0.0
1745,2921,2916,11953,0,0.0
1746,2980,2976,10808,0,0.0
1749,3683,3672,14486,0,0.0
1750,3502,3494,14686,0,0.0
1751,3586,3568,20995,0,0.0
1753,3662,3653,13103,0,0.0
1755,3499,3497,13389,0,0.0
1756,3660,3656,16458,0,0.0
1757,3322,3318,12078,0,0.0
1758,3444,3430,11104,0,0.0
1759,3859,3848,15647,0,0.0
1760,2845,2835,9744,0,0.0
1761,1853,1852,5983,0,0.0
1762,2384,2376,7925,0,0.0
1763,1622,1617,4366,0,0.0
1764,2220,2218,5756,0,0.0
1765,3130,3125,11531,0,0.0
1766,3142,3137,10383,0,0.0
1767,2235,2235,9419,0,0.0
1768,1914,1913,6603,0,0.0
1770,1952,1941,8349,0,0.0
1772,3367,3362,15785,0,0.0
1776,3064,3061,11079,0,0.0
1777,2668,2665,8498,0,0.0
1778,1794,1792,5078,0,0.0
1780,2652,2641,7628,0,0.0
1781,2419,2419,9226,0,0.0
1782,3284,3272,12298,0,0.0
1783,2209,2206,7262,0,0.0
1784,2388,2383,9864,0,0.0
1786,3147,3137,12736,0,0.0
1787,3480,3474,20613,0,0.0
1788,2378,2376,7576,0,0.0
1789,2669,2665,8618,0,0.0
1790,2756,2753,9540,0,0.0
1791,3561,3545,11574,0,0.0
1792,3497,3490,13387,0,0.0
1793,1723,1712,5908,0,0.0
1794,2419,2419,7608,0,0.0
1795,1684,1683,6775,0,0.0
1796,3104,3097,13032,0,0.0
1797,2803,2801,11064,0,0.0
1798,2561,2555,7990,0,0.0
1799,2641,2636,9274,0,0.0
1800,2648,2645,10720,0,0.0
1801,2541,2540,9344,0,0.0
1802,2589,2586,8300,0,0.0
1803,3797,3789,12304,0,0.0
1804,2704,2702,9435,0,0.0
1805,2555,2552,9055,0,0.0
1806,2919,2914,9711,0,0.0
1807,2594,2591,8692,0,0.0
1808,2463,2457,6946,0,0.0
1809,2303,2301,7293,0,0.0
1810,2533,2529,7780,0,0.0
1811,2370,2369,6990,0,0.0
1814,3117,3113,10719,0,0.0
1815,2745,2740,9321,0,0.0
1816,1913,1899,5234,0,0.0
1817,2791,2789,9804,0,0.0
1818,2825,2825,10148,0,0.0
1819,2882,2879,10090,0,0.0
1820,2002,1996,4545,0,0.0
1821,1940,1933,6221,0,0.0
1822,2138,2136,5831,0,0.0
1823,3063,3062,10467,0,0.0
1824,2563,2561,9807,0,0.0
1825,2793,2791,9061,0,0.0
1826,1883,1879,7290,0,0.0
1827,3787,3781,15472,0,0.0
1828,2452,2450,12087,0,0.0
1829,3245,3239,10642,0,0.0
1830,3300,3292,10815,0,0.0
1831,3913,3903,13456,0,0.0
1833,2485,2484,8982,0,0.0
1834,4009,3992,16429,0,0.0
1835,3610,3606,13563,0,0.0
1836,2882,2879,12197,0,0.0
1837,3852,3850,16549,0,0.0
1838,2921,2908,11534,0,0.0
1839,2583,2576,7535,0,0.0
1840,3017,3006,10742,0,0.0
1841,2735,2732,8722,0,0.0
1842,3135,3131,13538,0,0.0
1843,2830,2822,8986,0,0.0
1845,2767,2763,11089,0,0.0
1846,2401,2394,14178,0,0.0
1847,1855,1849,10819,0,0.0
1848,2408,2401,12027,0,0.0
1849,2340,2338,9968,0,0.0
1850,3167,3161,10150,0,0.0
1851,3327,3322,12797,0,0.0
1852,2127,2126,8117,0,0.0
1853,2721,2713,10409,0,0.0
1854,3077,3076,14668,0,0.0
1855,3451,3447,11769,0,0.0
1856,3975,3968,20982,0,0.0
1857,2574,2548,8332,0,0.0
1858,3374,3367,13643,0,0.0
1859,3012,3003,9351,0,0.0
1860,2624,2623,13697,0,0.0
1861,3470,3460,13331,0,0.0
1862,3839,3819,17534,0,0.0
1864,3853,3847,20153,0,0.0
1865,2663,2662,10200,0,0.0
1866,3027,3023,15404,0,0.0
1867,3583,3577,13807,0,0.0
1868,3585,3560,16199,0,0.0
1870,3032,3029,13825,0,0.0
1871,1806,1800,8407,0,0.0
1872,2534,2532,9430,0,0.0
1873,4014,3998,19999,0,0.0
1874,3944,3940,16904,0,0.0
1875,2235,2230,11808,0,0.0
1877,3220,3212,13037,0,0.0
1878,3222,3218,12331,0,0.0
1881,3282,3274,12407,0,0.0
1882,3169,3163,15608,0,0.0
1883,2399,2393,15531,0,0.0
1884,3394,3390,12896,0,0.0
1885,3236,3230,11285,0,0.0
1886,2575,2574,10881,0,0.0
1887,2101,2099,9549,0,0.0
1888,2424,2419,12647,0,0.0
1889,3408,3399,12114,0,0.0
1890,3619,3612,15432,0,0.0
1891,3775,3768,34167,0,0.0
1892,1917,1917,8595,0,0.0
1893,3449,3427,12142,0,0.0
1894,2258,2255,10275,0,0.0
1898,2471,2461,8845,0,0.0
1900,2275,2273,6488,0,0.0
1901,2931,2906,9351,0,0.0
1902,3218,3213,19521,0,0.0
1903,2431,2428,7938,0,0.0
1904,2457,2452,10658,0,0.0
1905,3365,3349,15818,0,0.0
1906,3220,3211,9744,0,0.0
1908,3470,3408,10737,0,0.0
1909,3559,3548,10221,0,0.0
1910,2638,2632,8428,0,0.0
1911,2581,2571,12114,0,0.0
1912,2803,2800,10048,0,0.0
1913,2420,2412,8949,0,0.0
1914,3561,3551,13857,0,0.0
1915,3817,3803,15842,0,0.0
1916,3353,3346,12876,0,0.0
1917,2520,2518,7958,0,0.0
1918,3143,3130,10973,0,0.0
1919,2434,2434,9843,0,0.0
1920,2482,2474,14972,0,0.0
1922,3019,3015,9761,0,0.0
1923,3075,3069,9996,0,0.0
1924,2787,2785,8779,0,0.0
1926,3795,3789,11242,0,0.0
1927,3950,3897,14324,0,0.0
1928,2909,2906,9398,0,0.0
1929,3339,3333,12546,0,0.0
1931,2816,2815,8823,0,0.0
1932,3738,3728,13045,0,0.0
1933,2959,2953,9234,0,0.0
1934,2519,2515,8331,0,0.0
1935,2846,2844,8108,0,0.0
1936,2679,2673,8661,0,0.0
1937,2161,2154,8583,0,0.0
1938,3767,3762,12518,0,0.0
1941,2126,2123,8535,0,0.0
1942,2587,2583,7157,0,0.0
1943,2713,2712,12312,0,0.0
1944,2935,2925,11159,0,0.0
1945,2250,2246,6650,0,0.0
1946,2325,2321,7967,0,0.0
1947,2983,2982,9622,0,0.0
1948,3155,3148,9705,0,0.0
1950,2629,2625,9661,0,0.0
1951,3296,3291,9476,0,0.0
1952,2328,2328,7875,0,0.0
1953,2568,2566,8077,0,0.0
1954,2554,2553,7543,0,0.0
1955,2646,2625,8037,0,0.0
1956,2227,2225,9226,0,0.0
1957,3127,3124,10520,0,0.0
1958,1975,1971,5962,0,0.0
1959,3064,3052,8818,0,0.0
1960,2297,2295,7617,0,0.0
1961,3111,3108,9560,0,0.0
1962,2612,2607,9840,0,0.0
1963,1917,1914,4923,0,0.0
1964,2238,2218,6567,0,0.0
1965,2848,2838,8477,0,0.0
1966,3375,3369,9859,0,0.0
1967,2428,2423,8600,0,0.0
1968,1934,1931,6826,0,0.0
1969,2408,2402,7289,0,0.0
1970,2145,2139,7937,0,0.0
1971,2850,2848,8749,0,0.0
1973,2228,2226,6750,0,0.0
1974,2403,2398,6087,0,0.0
1975,2172,2167,6696,0,0.0
1976,2348,2346,7263,0,0.0
1977,2302,2302,6772,0,0.0
1978,1973,1972,6351,0,0.0
1979,2079,2076,6239,0,0.0
1980,1989,1989,5440,0,0.0
1981,2239,2236,6220,0,0.0
1982,2563,2561,7302,0,0.0
1983,1615,1610,5989,0,0.0
1984,2194,2191,6476,0,0.0
1986,2932,2890,7673,0,0.0
1987,2088,2087,6176,0,0.0
1988,1774,1769,4678,0,0.0
1989,1826,1825,4191,0,0.0
1990,2281,2278,6769,0,0.0
1991,2302,2297,4869,0,0.0
1992,1787,1782,3972,0,0.0
1993,1929,1925,5538,0,0.0
1994,2244,2240,7119,0,0.0
1995,2881,2880,7681,0,0.0
1996,1737,1733,4493,0,0.0
1997,1185,1184,3557,0,0.0
1998,1513,1504,4420,0,0.0
1999,1997,1994,3946,0,0.0
2000,2358,2355,6030,0,0.0
2001,1449,1447,4299,0,0.0
2003,3392,3386,8957,0,0.0
2004,2178,2178,6058,0,0.0
2005,3504,3503,9691,0,0.0
2006,2541,2535,6291,0,0.0
2007,2443,2441,5756,0,0.0
2008,1783,1781,5155,0,0.0
2009,1568,1568,3985,0,0.0
2010,1743,1742,3854,0,0.0
2011,2204,2202,6299,0,0.0
2012,2184,2181,6106,0,0.0
2013,1764,1762,4451,0,0.0
2014,1976,1975,5540,0,0.0
2015,2344,2339,6561,0,0.0
2016,2029,2028,5925,0,0.0
2017,1952,1951,4417,0,0.0
2018,1979,1977,5453,0,0.0
2019,2142,2141,6304,0,0.0
2020,1803,1800,4099,0,0.0
2021,2459,2452,7425,0,0.0
2022,1965,1958,5207,0,0.0
2023,2410,2408,7069,0,0.0
2024,1627,1626,4021,0,0.0
2025,2235,2231,5369,0,0.0
2026,2403,2398,8030,0,0.0
2027,2254,2249,5667,0,0.0
2029,2548,2547,8976,0,0.0
2030,2271,2268,6442,0,0.0
2031,2819,2812,7530,0,0.0
2034,3533,3525,11063,0,0.0
2035,2212,2210,5702,0,0.0
2036,3227,3211,8028,0,0.0
2037,2839,2834,9761,0,0.0
2039,3200,3194,8768,0,0.0
2041,3007,2997,9189,0,0.0
2042,1824,1820,6331,0,0.0
2043,2908,2903,9311,0,0.0
2044,2573,2566,7357,0,0.0
2045,3248,3240,9310,0,0.0
2046,2471,2467,6542,0,0.0
2047,3227,3219,9916,0,0.0
2048,2543,2543,7205,0,0.0
2049,2417,2417,9418,0,0.0
2050,2568,2562,7633,0,0.0
2051,2102,2100,7399,0,0.0
2052,2605,2594,7903,0,0.0
2053,2373,2367,8626,0,0.0
2054,1829,1829,6089,0,0.0
2055,2374,2366,6809,0,0.0
2056,2673,2664,9302,0,0.0
2057,3319,3316,9776,0,0.0
2058,3250,3243,10332,0,0.0
2059,3256,3250,12486,0,0.0
2060,2132,2130,5860,0,0.0
2061,2131,2130,5424,0,0.0
2062,2037,2022,5457,0,0.0
2063,2116,2110,7248,0,0.0
2064,2141,2140,7447,0,0.0
2065,3823,3816,13011,0,0.0
2067,1890,1888,4911,0,0.0
2068,2918,2913,7130,0,0.0
2069,2145,2145,6515,0,0.0
2070,1936,1932,4863,0,0.0
2071,1887,1887,7330,0,0.0
2072,2541,2533,7842,0,0.0
2073,1814,1814,4665,0,0.0
2074,1659,1655,4175,0,0.0
2076,2013,2010,5759,0,0.0
2077,2015,2014,8007,0,0.0
2078,2090,2087,7382,0,0.0
2079,1787,1785,4799,0,0.0
2080,2011,2011,4727,0,0.0
2082,1566,1563,4296,0,0.0
2083,1780,1777,6051,0,0.0
2084,2209,2209,6672,0,0.0
2085,2262,2253,9221,0,0.0
2086,1767,1767,4219,0,0.0
2087,2259,2257,6908,0,0.0
2088,1791,1789,6046,0,0.0
2089,2224,2222,7459,0,0.0
2090,2300,2297,9682,0,0.0
2091,1558,1554,5267,0,0.0
2092,3855,3843,11952,0,0.0
2093,2410,2406,7575,0,0.0
2094,3345,3343,9155,0,0.0
2095,2443,2436,7075,0,0.0
2096,2677,2676,7401,0,0.0
2097,2210,2208,5553,0,0.0
2098,2810,2804,8083,0,0.0
2099,1574,1571,4533,0,0.0
2100,2282,2277,7609,0,0.0
2101,3064,3063,9083,0,0.0
2102,2804,2802,8494,0,0.0
2103,2956,2952,11382,0,0.0
2104,2600,2594,7354,0,0.0
2105,1688,1687,4466,0,0.0
2106,2660,2653,8327,0,0.0
2108,3244,3239,11975,0,0.0
2109,2621,2617,8571,0,0.0
2110,2766,2761,9844,0,0.0
2111,2050,2048,5551,0,0.0
2112,1533,1533,3947,0,0.0
2113,3582,3566,15921,0,0.0
2114,2860,2860,9407,0,0.0
2115,3561,3557,10308,0,0.0
2116,2790,2787,9322,0,0.0
2117,2787,2783,8736,0,0.0
2118,1848,1845,5095,0,0.0
2119,2930,2922,8530,0,0.0
2121,2018,2014,5448,0,0.0
2122,3592,3587,10328,0,0.0
2123,1974,1970,5476,0,0.0
2124,2465,2446,9589,0,0.0
2125,3500,3468,15446,0,0.0
2127,2047,2046,6551,0,0.0
2128,2003,2001,5414,0,0.0
2129,2134,2130,5579,0,0.0
2130,1993,1991,4607,0,0.0
2131,2198,2195,5885,0,0.0
2132,2914,2889,12188,0,0.0
2133,2479,2474,6341,0,0.0
2134,2305,2285,6676,0,0.0
2135,1917,1914,4793,0,0.0
2136,2870,2865,7608,0,0.0
2137,2034,2030,5567,0,0.0
2138,2863,2858,8401,0,0.0
2139,1930,1924,5341,0,0.0
2140,2603,2594,6889,0,0.0
2141,2299,2294,5322,0,0.0
2142,1591,1590,4126,0,0.0
2143,2322,2315,5652,0,0.0
2144,1827,1823,4802,0,0.0
2145,2090,2084,6340,0,0.0
2146,2127,2124,4962,0,0.0
2147,2168,2163,5073,0,0.0
2148,1691,1689,4246,0,0.0
2149,1468,1465,5065,0,0.0
2150,1939,1936,5194,0,0.0
2151,1744,1743,3729,0,0.0
2152,3262,3258,10777,0,0.0
2153,2568,2559,11470,0,0.0
2154,1561,1559,3697,0,0.0
2155,2550,2546,9000,0,0.0
2156,1750,1748,4250,0,0.0
2157,1435,1432,5026,0,0.0
2158,1964,1960,5546,0,0.0
2159,2313,2308,8611,0,0.0
2160,989,989,2559,0,0.0
2161,1233,1232,3676,0,0.0
2162,1479,1477,3666,0,0.0
2163,1520,1512,4274,0,0.0
2164,1708,1705,4146,0,0.0
2165,1661,1658,4259,0,0.0
2166,1474,1468,6592,0,0.0
2167,1781,1780,4163,0,0.0
2168,2464,2464,5224,0,0.0
2169,1654,1651,5082,0,0.0
2170,2718,2711,6535,0,0.0
2171,2111,2109,5558,0,0.0
2172,2751,2748,6842,0,0.0
2173,1861,1860,4940,0,0.0
2174,1487,1483,3111,0,0.0
2176,1337,1337,3277,0,0.0
2177,1654,1651,3880,0,0.0
2178,2301,2294,7254,0,0.0
2179,1400,1397,2839,0,0.0
2180,1883,1881,3880,0,0.0
2181,3680,3670,10725,0,0.0
2182,1839,1834,7080,0,0.0
2183,1410,1408,3376,0,0.0
2184,1950,1946,4543,0,0.0
2185,1437,1436,3208,0,0.0
2186,1621,1620,6574,0,0.0
2187,2071,2071,4462,0,0.0
2188,2207,2201,4877,0,0.0
2189,1740,1733,4326,0,0.0
2190,3512,3503,8537,0,0.0
2191,1852,1851,5445,0,0.0
2192,2546,2541,6757,0,0.0
2193,1701,1698,4735,0,0.0
2194,2601,2601,6321,0,0.0
2196,2106,2100,8344,0,0.0
2197,2303,2296,6960,0,0.0
2198,2159,2156,5245,0,0.0
2199,1618,1616,3930,0,0.0
2200,2199,2197,8937,0,0.0
2201,3206,3196,9009,0,0.0
2202,1625,1623,3832,0,0.0
2203,2919,2916,8102,0,0.0
2204,3059,3056,7904,0,0.0
2205,3629,3618,10795,0,0.0
2206,3393,3384,7741,0,0.0
2207,2548,2545,5918,0,0.0
2209,2101,2093,4587,0,0.0
2210,2994,2989,7779,0,0.0
2211,1975,1974,4810,0,0.0
2212,2634,2631,7396,0,0.0
2213,1896,1895,5563,0,0.0
2214,3209,3206,10137,0,0.0
2215,2239,2235,5093,0,0.0
2216,1583,1575,4054,0,0.0
2217,2761,2758,7466,0,0.0
2218,2280,2273,5780,0,0.0
2219,2057,2053,5490,0,0.0
2220,1588,1581,3854,0,0.0
2221,1393,1392,3284,0,0.0
2222,2143,2136,6392,0,0.0
2223,2103,2101,4593,0,0.0
2224,2452,2449,4998,0,0.0
2225,2952,2949,5744,0,0.0
2226,3603,3600,9779,0,0.0
2227,3558,3552,9567,0,0.0
2228,2872,2865,6653,0,0.0
2229,2995,2983,8636,0,0.0
2230,1637,1636,4090,0,0.0
2232,2107,2093,5647,0,0.0
2233,3117,3114,7238,0,0.0
2234,2203,2195,5651,0,0.0
2235,1974,1971,5826,0,0.0
2236,2357,2346,6417,0,0.0
2237,2111,2108,6054,0,0.0
2239,2752,2717,7768,0,0.0
2240,1446,1442,2867,0,0.0
2241,2440,2420,5931,0,0.0
2242,1017,1011,3525,0,0.0
2243,3037,3032,9449,0,0.0
2244,2189,2181,7233,0,0.0
2246,1438,1438,5222,0,0.0
2247,2705,2705,8487,0,0.0
2248,1430,1430,2969,0,0.0
2249,1914,1908,4661,0,0.0
2250,2162,2157,8082,0,0.0
2251,2561,2558,6840,0,0.0
2252,1262,1261,4930,0,0.0
2253,3164,3155,9038,0,0.0
2254,815,812,3245,0,0.0
2255,2954,2948,9228,0,0.0
2256,2486,2486,6828,0,0.0
2257,2428,2425,6769,0,0.0
2258,3101,3085,9545,0,0.0
2259,2266,2257,7662,0,0.0
2260,1542,1542,6672,0,0.0
2261,3161,3158,9050,0,0.0
2262,1253,1252,3498,0,0.0
2263,2345,2340,7356,0,0.0
2264,1962,1961,6034,0,0.0
2265,1756,1755,4493,0,0.0
2266,2446,2431,6788,0,0.0
2267,1256,1251,3116,0,0.0
2268,1668,1662,4905,0,0.0
2269,1576,1573,6119,0,0.0
2270,3145,3124,8372,0,0.0
2271,1806,1805,7688,0,0.0
2272,1435,1432,5195,0,0.0
2273,1157,1155,4391,0,0.0
2274,2716,2714,9190,0,0.0
2275,2849,2840,12181,0,0.0
2276,1476,1475,4702,0,0.0
2277,1901,1894,8047,0,0.0
2278,1117,1113,5175,0,0.0
2279,1587,1580,5777,0,0.0
2280,1792,1789,4695,0,0.0
2281,3538,3532,9091,0,0.0
2282,3832,3820,9046,0,0.0
2283,1998,1994,8064,0,0.0
2284,2411,2410,7175,0,0.0
2285,2192,2176,7264,0,0.0
2286,2411,2404,7850,0,0.0
2288,2311,2308,7775,0,0.0
2289,1848,1839,4909,0,0.0
2290,2344,2329,6093,0,0.0
2291,2084,2076,10775,0,0.0
2292,3474,3468,12520,0,0.0
2293,1778,1775,4556,0,0.0
2294,2342,2335,9297,0,0.0
2295,3764,3758,14660,0,0.0
2296,2801,2793,10468,0,0.0
2297,3885,3875,11438,0,0.0
2298,3479,3476,11731,0,0.0
2299,2686,2686,6847,0,0.0
2300,2117,2115,7016,0,0.0
2301,2855,2848,8621,0,0.0
2303,3407,3399,15123,0,0.0
2304,2073,2069,6497,0,0.0
2305,2783,2778,8333,0,0.0
2306,3107,3105,10276,0,0.0
2307,3180,3176,13864,0,0.0
2308,2000,1999,9719,0,0.0
2309,3152,3129,11331,0,0.0
2310,2076,2073,6468,0,0.0
2311,1593,1592,4298,0,0.0
2312,2970,2965,9807,0,0.0
2313,2395,2389,6369,0,0.0
2314,3180,3162,8711,0,0.0
2315,2638,2634,7870,0,0.0
2316,2024,2018,6472,0,0.0
2317,3308,3302,9679,0,0.0
2318,2559,2555,9094,0,0.0
2319,2070,2067,6993,0,0.0
2321,2103,2096,5396,0,0.0
2322,2737,2727,10137,0,0.0
2323,2505,2503,13778,0,0.0
2324,3608,3567,11695,0,0.0
2325,3263,3243,9456,0,0.0
2328,2173,2171,8629,0,0.0
2329,2731,2728,9338,0,0.0
2331,2675,2669,9388,0,0.0
2332,2962,2958,9483,0,0.0
2333,2691,2687,10616,0,0.0
2334,3086,3069,9352,0,0.0
2335,2285,2284,6411,0,0.0
2336,2375,2373,7264,0,0.0
2338,2069,2062,6178,0,0.0
2339,2929,2922,9396,0,0.0
2342,1752,1751,5975,0,0.0
2343,2349,2346,7181,0,0.0
2344,2794,2787,8668,0,0.0
2345,2711,2709,7787,0,0.0
2346,2597,2592,9203,0,0.0
2348,2335,2334,7695,0,0.0
2349,2743,2737,8379,0,0.0
2350,2027,2025,6180,0,0.0
2351,2047,2047,6720,0,0.0
2352,2876,2845,11034,0,0.0
2353,2378,2374,9063,0,0.0
2354,3411,3400,11453,0,0.0
2355,2809,2806,10634,0,0.0
2356,2349,2348,7131,0,0.0
2357,2536,2534,8230,0,0.0
2358,2624,2624,8479,0,0.0
2359,3106,3104,10208,0,0.0
2360,2631,2630,11590,0,0.0
2361,2799,2798,10162,0,0.0
2362,3345,3338,13715,0,0.0
2363,2805,2798,10439,0,0.0
2364,3192,3183,12149,0,0.0
2365,2565,2562,7190,0,0.0
2366,2701,2696,12626,0,0.0
2367,2379,2377,9757,0,0.0
2368,2009,2009,7448,0,0.0
2369,2859,2851,12683,0,0.0
2370,3248,3240,12878,0,0.0
2371,2928,2927,10106,0,0.0
2372,3435,3423,12562,0,0.0
2373,2990,2981,11920,0,0.0
2374,3585,3566,16879,0,0.0
2376,3949,3937,17402,0,0.0
2378,3243,3237,13858,0,0.0
2379,3041,3033,14652,0,0.0
2380,2783,2777,13789,0,0.0
2381,2331,2329,9327,0,0.0
2382,3503,3491,12733,0,0.0
2383,2379,2376,10033,0,0.0
2384,3034,3032,11673,0,0.0
2385,2654,2648,12208,0,0.0
2387,3870,3867,15405,0,0.0
2388,2189,2186,11327,0,0.0
2389,3640,3636,15268,0,0.0
2390,3250,3240,11462,0,0.0
2391,3293,3280,12538,0,0.0
2392,2655,2646,8194,0,0.0
2393,2460,2460,11607,0,0.0
2394,3209,3199,15923,0,0.0
2395,2423,2422,16032,0,0.0
2396,2719,2717,13700,0,0.0
2398,2608,2597,12392,0,0.0
2399,1959,1959,9486,0,0.0
2400,2707,2704,11722,0,0.0
2401,2285,2283,12917,0,0.0
2402,2137,2133,11074,0,0.0
2403,1964,1961,7909,0,0.0
2404,3181,3173,26586,0,0.0
2405,3986,3968,23544,0,0.0
2406,3595,3587,27915,0,0.0
2407,2140,2140,8829,0,0.0
2408,2544,2543,8804,0,0.0
2409,3216,3212,21518,0,0.0
2410,3670,3658,26614,0,0.0
2411,3137,3135,16708,0,0.0
2412,3195,3184,14729,0,0.0
2413,3065,3061,23599,0,0.0
2414,2100,2098,10311,0,0.0
2415,3959,3954,31958,0,0.0
2416,3401,3361,40837,0,0.0
2417,2349,2348,14757,0,0.0
2418,3413,3392,17665,0,0.0
2419,2332,2326,14440,0,0.0
2420,2175,2173,11897,0,0.0
2421,3891,3869,30956,0,0.0
2422,2350,2345,14242,0,0.0
2423,2523,2521,13413,0,0.0
2424,2457,2451,13247,0,0.0
2425,2756,2748,12152,0,0.0
2426,2539,2537,16310,0,0.0
2427,2612,2604,8530,0,0.0
2428,3183,3180,21906,0,0.0
2429,3549,3535,16751,0,0.0
2430,3609,3602,14357,0,0.0
2431,2953,2950,20207,0,0.0
2432,2229,2228,15736,0,0.0
2433,2373,2371,13066,0,0.0
2434,2809,2806,19795,0,0.0
2435,2744,2743,12560,0,0.0
2436,2358,2354,11878,0,0.0
2437,2027,2023,10170,0,0.0
2438,2114,2112,11972,0,0.0
2439,2784,2779,14937,0,0.0
2440,3004,2995,15711,0,0.0
2441,3148,3145,13427,0,0.0
2442,2464,2463,14995,0,0.0
2443,2264,2261,13874,0,0.0
2444,2488,2480,14527,0,0.0
2445,2113,2110,10350,0,0.0
2446,1862,1858,7903,0,0.0
2448,1101,1092,4285,0,0.0
2449,3245,3184,8356,0,0.0
2450,1689,1682,4145,0,0.0
2451,2494,2477,5021,0,0.0
2452,2516,2498,7507,0,0.0
2453,1192,1185,3210,0,0.0
2454,1402,1397,4467,0,0.0
2455,1846,1839,7130,0,0.0
2456,2271,2258,5168,0,0.0
2457,1363,1356,4026,0,0.0
2458,983,977,2768,0,0.0
2459,1451,1444,3081,0,0.0
2460,1243,1238,3590,0,0.0
2461,1965,1959,4770,0,0.0
2462,844,839,3363,0,0.0
2463,1220,1211,3085,0,0.0
2464,1247,1242,3747,0,0.0
2465,2325,2315,6856,0,0.0
2466,1533,1528,4024,0,0.0
2467,1074,1066,3053,0,0.0
2468,1847,1831,4729,0,0.0
2469,1588,1585,3806,0,0.0
2470,2552,2513,11053,0,0.0
2471,1948,1939,4498,0,0.0
2472,1508,1494,5437,0,0.0
2473,1675,1671,5524,0,0.0
2474,1631,1620,7307,0,0.0
2475,2688,2668,7302,0,0.0
2476,1798,1783,8349,0,0.0
2477,957,947,4071,0,0.0
2478,2114,2102,6411,0,0.0
2479,2310,2287,8659,0,0.0
2480,2645,2614,13699,0,0.0
2481,2735,2717,9196,0,0.0
2482,2568,2554,7258,0,0.0
2483,1464,1446,7332,0,0.0
2484,3350,3323,7929,0,0.0
2485,1825,1815,6078,0,0.0
2486,1816,1803,4824,0,0.0
2487,2111,2082,5481,0,0.0
2488,1585,1573,3913,0,0.0
2489,1444,1435,3149,0,0.0
2490,1728,1714,4870,0,0.0
2491,2522,2504,7051,0,0.0
2492,3199,3173,15218,0,0.0
2493,1947,1932,4985,0,0.0
2494,3517,3502,9228,0,0.0
2496,1589,1577,4000,0,0.0
2497,2915,2900,7241,0,0.0
2498,2664,2647,8051,0,0.0
2499,1718,1710,4696,0,0.0
2500,1232,1219,3237,0,0.0
2501,2283,2252,7343,0,0.0
2502,1462,1453,4616,0,0.0
2503,1955,1946,4545,0,0.0
2504,1843,1835,4507,0,0.0
2505,1092,1083,2527,0,0.0
2506,1763,1749,5213,0,0.0
2507,2533,2518,7298,0,0.0
2508,2466,2453,7064,0,0.0
2509,2354,2340,7229,0,0.0
2510,1812,1798,4991,0,0.0
2511,2778,2765,6537,0,0.0
2512,2914,2879,7052,0,0.0
2513,2039,2028,6742,0,0.0
2514,2995,2984,8337,0,0.0
2515,1663,1652,3743,0,0.0
2516,1392,1387,3572,0,0.0
2517,2395,2373,4592,0,0.0
2518,3119,3101,7511,0,0.0
2519,1013,1005,3229,0,0.0
2520,1556,1545,3946,0,0.0
2521,1813,1811,5716,0,0.0
2522,3602,3592,9289,0,0.0
2523,1878,1870,3310,0,0.0
2524,1431,1412,2873,0,0.0
2525,1226,1219,2537,0,0.0
2527,2926,2910,6879,0,0.0
2528,3044,3027,6080,0,0.0
2529,2172,2156,4592,0,0.0
2530,1226,1216,3361,0,0.0
2531,770,763,2668,0,0.0
2532,1769,1749,4482,0,0.0
2533,1373,1364,2776,0,0.0
2534,1540,1532,3219,0,0.0
2535,1955,1946,3925,0,0.0
2536,1626,1613,3616,0,0.0
2537,1382,1372,2542,0,0.0
2538,1368,1361,3852,0,0.0
2539,1348,1342,2889,0,0.0
2540,2701,2688,5895,0,0.0
2541,1331,1322,2931,0,0.0
2542,1988,1980,5217,0,0.0
2543,1296,1283,4616,0,0.0
2544,837,831,3398,0,0.0
2545,3805,3785,10246,0,0.0
2546,2175,2162,8026,0,0.0
2547,2331,2323,5224,0,0.0
2548,2342,2337,5396,0,0.0
2549,1956,1942,4711,0,0.0
2550,3435,3424,13446,0,0.0
2551,1157,1150,10654,0,0.0
2552,2668,2656,9016,0,0.0
2553,1618,1613,5516,0,0.0
2554,952,949,6496,0,0.0
2555,1295,1292,4013,0,0.0
2556,1533,1528,4552,0,0.0
2557,2561,2552,6035,0,0.0
2558,2199,2184,5393,0,0.0
2559,1040,1035,2655,0,0.0
2560,1140,1131,3551,0,0.0
2561,1777,1772,4642,0,0.0
2562,1461,1455,3934,0,0.0
2563,1815,1809,4364,0,0.0
2565,1819,1814,6595,0,0.0
2567,1705,1689,3843,0,0.0
2568,1732,1728,3741,0,0.0
2570,3674,3660,9784,0,0.0
2571,940,940,3085,0,0.0
2572,3378,3363,10510,0,0.0
2573,1935,1931,4699,0,0.0
2574,2132,2125,4750,0,0.0
2575,1247,1246,3939,0,0.0
2576,1578,1567,4248,0,0.0
2577,1996,1984,7526,0,0.0
2578,1393,1389,4217,0,0.0
2579,1681,1672,5940,0,0.0
2580,1400,1394,4861,0,0.0
2581,1596,1589,5832,0,0.0
2582,1698,1693,6318,0,0.0
2583,1484,1479,5035,0,0.0
2584,1255,1254,3614,0,0.0
2585,1710,1704,4805,0,0.0
2586,1623,1616,5279,0,0.0
2587,980,976,3479,0,0.0
2588,994,990,3701,0,0.0
2589,1514,1513,4068,0,0.0
2590,1980,1975,3920,0,0.0
2591,2317,2310,5094,0,0.0
2592,2567,2557,8709,0,0.0
2593,2161,2153,5770,0,0.0
2594,1690,1663,4538,0,0.0
2595,1189,1185,2945,0,0.0
2596,1328,1325,3325,0,0.0
2597,1184,1179,3098,0,0.0
2598,3658,3611,10141,0,0.0
2599,1893,1881,6859,0,0.0
2601,1653,1649,5034,0,0.0
2602,2472,2468,8182,0,0.0
2603,2281,2274,5502,0,0.0
2604,2182,2176,5498,0,0.0
2605,3516,3468,10044,0,0.0
2606,2974,2939,7538,0,0.0
2607,3176,3168,7203,0,0.0
2608,1685,1680,3389,0,0.0
2609,2198,2192,5133,0,0.0
2610,1935,1928,5247,0,0.0
2611,3033,3024,7055,0,0.0
2612,2737,2714,10207,0,0.0
2613,2036,2030,4313,0,0.0
2614,1949,1921,4161,0,0.0
2615,2442,2425,7399,0,0.0
2616,3341,3324,8134,0,0.0
2617,1384,1377,2541,0,0.0
2618,1655,1651,3938,0,0.0
2619,1791,1778,3709,0,0.0
2620,2309,2304,6272,0,0.0
2621,1597,1594,2954,0,0.0
2622,1328,1322,3893,0,0.0
2623,1316,1315,2604,0,0.0
2624,2166,2155,4840,0,0.0
2625,1447,1443,2931,0,0.0
2626,1313,1309,3696,0,0.0
2627,1315,1312,2722,0,0.0
2628,1853,1846,4781,0,0.0
2629,1860,1852,4822,0,0.0
2630,1224,1222,2662,0,0.0
2631,2699,2688,5818,0,0.0
2632,3459,3436,13634,0,0.0
2633,2860,2830,7285,0,0.0
2634,2740,2735,6708,0,0.0
2635,3463,3443,16049,0,0.0
2636,1797,1789,3108,0,0.0
2637,1853,1846,5600,0,0.0
2638,2511,2502,5196,0,0.0
2639,2280,2277,4847,0,0.0
2640,2025,2015,4224,0,0.0
2641,1506,1503,3789,0,0.0
2642,2660,2646,5303,0,0.0
2643,1443,1435,2816,0,0.0
2644,1348,1344,3054,0,0.0
2645,1993,1983,5698,0,0.0
2646,1300,1296,2706,0,0.0
2647,2478,2476,4835,0,0.0
2648,1882,1872,3554,0,0.0
2649,3182,3174,9406,0,0.0
2650,1434,1432,2539,0,0.0
2651,2654,2649,5190,0,0.0
2652,1714,1703,2879,0,0.0
2653,1003,1002,2530,0,0.0
2654,2793,2791,6144,0,0.0
2655,1855,1849,3392,0,0.0
2656,2354,2354,4222,0,0.0
2657,3185,3173,7422,0,0.0
2658,1548,1541,3139,0,0.0
2659,2045,2034,5867,0,0.0
2660,1683,1667,3188,0,0.0
2661,1137,1135,2987,0,0.0
2662,2151,2141,10805,0,0.0
2664,1863,1855,8399,0,0.0
2665,2184,2175,9277,0,0.0
2666,2126,2120,8335,0,0.0
2667,2758,2752,6861,0,0.0
2668,2468,2458,7986,0,0.0
2669,1688,1685,3364,0,0.0
2670,1788,1781,4468,0,0.0
2671,1230,1226,4123,0,0.0
2672,3043,3026,8236,0,0.0
2673,2493,2483,5341,0,0.0
2674,2088,2082,4311,0,0.0
2675,2908,2888,6502,0,0.0
2676,1338,1332,3062,0,0.0
2677,2392,2384,7079,0,0.0
2678,941,939,3218,0,0.0
2679,2221,2216,4867,0,0.0
2680,3858,3826,11515,0,0.0
2681,1048,1041,2763,0,0.0
2682,1430,1426,3640,0,0.0
2683,1184,1180,3352,0,0.0
2684,2067,2061,4493,0,0.0
2685,1491,1489,4281,0,0.0
2686,938,932,2956,0,0.0
2687,1146,1141,2695,0,0.0
2688,1763,1756,3892,0,0.0
2689,3157,3143,7426,0,0.0
2690,2597,2588,5132,0,0.0
2691,2150,2132,4730,0,0.0
2692,1468,1457,3835,0,0.0
2693,1678,1675,3297,0,0.0
2694,1597,1595,3765,0,0.0
2695,2925,2919,5815,0,0.0
2696,1926,1922,5192,0,0.0
2697,3485,3472,8864,0,0.0
2698,1550,1547,2937,0,0.0
2699,893,889,3214,0,0.0
2700,941,938,3250,0,0.0
2701,878,878,2675,0,0.0
2702,1704,1699,3023,0,0.0
2703,3017,2986,10182,0,0.0
2704,1175,1171,2583,0,0.0
2705,2623,2616,9346,0,0.0
2706,2915,2884,6919,0,0.0
2707,1773,1763,4466,0,0.0
2708,1233,1224,2818,0,0.0
2709,1575,1551,2507,0,0.0
2710,924,922,2676,0,0.0
2711,1171,1168,2512,0,0.0
2712,1715,1712,3128,0,0.0
2713,1440,1435,2510,0,0.0
2714,1467,1466,2665,0,0.0
2715,1065,1061,2824,0,0.0
2716,1038,1031,2915,0,0.0
2717,1724,1708,2952,0,0.0
2718,1159,1156,3653,0,0.0
2719,1230,1226,2926,0,0.0
2720,1198,1189,3042,0,0.0
2721,1918,1914,5959,0,0.0
2722,1977,1970,5711,0,0.0
2723,2521,2515,6060,0,0.0
2724,2512,2503,6729,0,0.0
2725,2019,2016,5154,0,0.0
2726,2437,2426,7117,0,0.0
2727,1171,1169,3517,0,0.0
2728,2350,2347,5697,0,0.0
2729,1840,1837,4326,0,0.0
2730,3346,3336,8642,0,0.0
2731,2170,2168,6253,0,0.0
2733,2699,2692,9997,0,0.0
2734,2221,2216,8066,0,0.0
2735,3001,2995,8737,0,0.0
2736,3062,3047,11772,0,0.0
2737,3180,3170,13619,0,0.0
2738,2696,2689,8598,0,0.0
2739,3157,3144,10722,0,0.0
2740,3155,3147,11955,0,0.0
2741,3153,3133,18209,0,0.0
2742,2308,2301,7658,0,0.0
2743,2143,2130,7474,0,0.0
2744,1744,1740,5233,0,0.0
2745,2784,2780,10007,0,0.0
2747,1691,1683,6844,0,0.0
2748,1938,1932,6667,0,0.0
2749,2266,2257,8480,0,0.0
2750,1737,1731,6866,0,0.0
2751,1808,1802,6239,0,0.0
2752,1627,1625,5052,0,0.0
2753,1600,1596,6449,0,0.0
2754,2269,2265,12281,0,0.0
2755,3390,3372,10594,0,0.0
2756,1820,1814,7713,0,0.0
2757,2356,2341,6893,0,0.0
2758,2640,2631,9256,0,0.0
2759,2634,2628,12416,0,0.0
2760,2341,2337,7366,0,0.0
2761,2481,2475,6723,0,0.0
2763,1529,1526,3684,0,0.0
2764,2374,2368,7134,0,0.0
2765,2450,2445,10760,0,0.0
2766,1921,1916,4194,0,0.0
2767,1597,1593,6988,0,0.0
2768,2790,2776,10319,0,0.0
2769,2379,2367,6190,0,0.0
2770,1782,1777,7122,0,0.0
2771,1004,1003,4008,0,0.0
2772,1901,1898,4962,0,0.0
2773,1352,1348,3502,0,0.0
2774,2112,2110,4625,0,0.0
2775,2294,2284,5822,0,0.0
2776,2181,2172,6327,0,0.0
2777,1742,1739,6684,0,0.0
2778,2223,2212,5064,0,0.0
2779,1607,1603,4188,0,0.0
2780,2063,2051,5553,0,0.0
2782,1478,1474,2803,0,0.0
2783,1393,1387,5612,0,0.0
2784,1298,1295,4297,0,0.0
2785,1380,1375,5601,0,0.0
2786,1152,1148,3583,0,0.0
2787,2449,2436,6986,0,0.0
2788,1492,1489,3419,0,0.0
2789,2038,2032,5053,0,0.0
2790,1661,1659,4169,0,0.0
2791,1697,1695,4570,0,0.0
2792,1331,1329,2685,0,0.0
2793,1403,1401,2998,0,0.0
2794,1686,1684,3678,0,0.0
2795,1345,1340,2562,0,0.0
2796,1402,1394,4587,0,0.0
2797,1429,1429,3112,0,0.0
2798,3227,3220,8636,0,0.0
2799,1274,1271,2690,0,0.0
2800,2300,2296,5934,0,0.0
2801,1413,1411,3071,0,0.0
2802,1333,1327,4192,0,0.0
2803,1340,1336,3488,0,0.0
2804,1187,1187,2550,0,0.0
2805,1587,1585,3596,0,0.0
2807,1592,1589,3839,0,0.0
2808,1863,1861,4200,0,0.0
2809,1505,1502,3370,0,0.0
2810,2391,2382,6776,0,0.0
2811,2156,2139,4810,0,0.0
2812,2084,2068,4229,0,0.0
2813,3458,3450,8636,0,0.0
2814,2973,2950,6735,0,0.0
2815,3723,3703,10286,0,0.0
2816,2767,2754,6802,0,0.0
2817,1354,1351,5690,0,0.0
2818,3497,3486,7830,0,0.0
2819,1858,1852,4629,0,0.0
2821,2235,2232,10593,0,0.0
2822,1981,1943,5077,0,0.0
2823,1855,1853,3914,0,0.0
2824,1954,1952,4385,0,0.0
2825,1642,1638,3680,0,0.0
2826,2389,2383,5996,0,0.0
2827,2791,2769,6623,0,0.0
2828,2631,2621,7091,0,0.0
2829,2285,2268,6553,0,0.0
2830,2032,2025,4265,0,0.0
2831,1915,1912,4070,0,0.0
2832,2032,2030,4326,0,0.0
2833,1471,1467,3570,0,0.0
2834,1062,1062,2671,0,0.0
2835,1249,1248,2567,0,0.0
2836,1644,1643,3402,0,0.0
2837,1701,1698,3183,0,0.0
2838,1409,1398,2991,0,0.0
2839,1869,1867,4566,0,0.0
2840,2451,2440,6830,0,0.0
2841,1127,1126,3172,0,0.0
2842,1829,1825,3829,0,0.0
2843,1834,1820,3790,0,0.0
2844,2151,2139,6057,0,0.0
2845,2274,2267,4812,0,0.0
2846,1765,1761,3674,0,0.0
2847,2779,2777,6622,0,0.0
2848,2070,2057,4608,0,0.0
2849,1145,1141,3397,0,0.0
2850,2620,2617,8653,0,0.0
2851,2177,2147,6601,0,0.0
2852,928,921,2693,0,0.0
2853,1397,1390,3386,0,0.0
2854,2529,2503,9504,0,0.0
2855,1249,1247,2647,0,0.0
2856,2098,2095,5124,0,0.0
2857,1369,1364,2947,0,0.0
2858,1241,1239,3290,0,0.0
2859,1101,1095,4405,0,0.0
2861,1269,1263,3593,0,0.0
2862,1093,1093,3058,0,0.0
2863,1049,1049,3059,0,0.0
2864,3856,3835,9706,0,0.0
2865,1615,1603,4570,0,0.0
2866,1984,1982,5076,0,0.0
2867,2041,2031,6510,0,0.0
2868,3009,3002,8794,0,0.0
2869,1922,1910,6126,0,0.0
2870,1633,1632,5179,0,0.0
2871,2502,2493,7499,0,0.0
2872,2221,2216,7490,0,0.0
2873,2813,2811,6879,0,0.0
2874,2046,2035,6840,0,0.0
2876,3750,3741,11339,0,0.0
2877,2615,2605,9056,0,0.0
2878,2882,2866,6994,0,0.0
2879,3464,3446,9821,0,0.0
2880,1874,1870,5891,0,0.0
2881,2858,2856,7663,0,0.0
2882,2635,2632,8232,0,0.0
2883,3678,3669,13524,0,0.0
2884,2502,2471,6352,0,0.0
2885,1773,1769,4924,0,0.0
2886,933,927,3377,0,0.0
2887,1915,1911,5562,0,0.0
2888,943,940,3628,0,0.0
2889,1418,1408,2924,0,0.0
2890,1300,1292,3262,0,0.0
2891,1567,1561,3579,0,0.0
2892,1190,1177,2567,0,0.0
2893,1503,1501,3078,0,0.0
2894,2679,2678,6389,0,0.0
2895,2098,2094,4584,0,0.0
2896,1844,1837,3447,0,0.0
2897,2785,2768,6018,0,0.0
2898,1466,1464,3706,0,0.0
2899,912,912,3129,0,0.0
2900,2972,2933,6750,0,0.0
2901,1212,1210,2636,0,0.0
2902,1137,1132,4153,0,0.0
2903,1359,1352,3752,0,0.0
2904,2488,2480,5930,0,0.0
2905,1620,1591,3602,0,0.0
2906,1183,1182,2815,0,0.0
2907,2050,2048,4172,0,0.0
2908,1418,1411,3614,0,0.0
2909,1840,1831,3704,0,0.0
2910,1348,1337,2881,0,0.0
2911,816,815,3056,0,0.0
2912,3655,3625,9187,0,0.0
2913,2715,2710,10001,0,0.0
2914,1597,1591,2961,0,0.0
2915,1991,1987,5946,0,0.0
2916,1767,1746,3198,0,0.0
2917,1297,1296,2564,0,0.0
2918,2903,2898,6098,0,0.0
2919,2796,2784,5651,0,0.0
2920,3571,3510,11712,0,0.0
2922,1317,1298,3789,0,0.0
2925,2618,2569,6004,0,0.0
2926,2081,2047,4940,0,0.0
2927,3739,3678,10188,0,0.0
2928,2121,2086,5034,0,0.0
2929,3295,3280,7714,0,0.0
2930,3658,3620,9073,0,0.0
2931,1199,1180,2724,0,0.0
2932,1956,1920,3942,0,0.0
2933,3026,2991,7135,0,0.0
2934,2072,2032,4873,0,0.0
2935,1928,1916,4887,0,0.0
2936,3537,3500,17670,0,0.0
2938,2023,2000,6487,0,0.0
2939,2044,2040,4250,0,0.0
2940,1526,1522,4166,0,0.0
2941,1220,1220,3474,0,0.0
2942,1379,1376,3256,0,0.0
2943,2694,2689,6558,0,0.0
2944,2632,2623,6737,0,0.0
2945,1882,1872,5561,0,0.0
2946,1028,1027,2762,0,0.0
2947,2072,2055,4197,0,0.0
2948,1208,1206,3556,0,0.0
2949,1434,1424,5150,0,0.0
2950,1722,1715,3592,0,0.0
2951,1495,1467,3318,0,0.0
2952,985,975,2685,0,0.0
2953,1601,1592,4329,0,0.0
2954,1805,1801,5154,0,0.0
2955,1611,1581,3216,0,0.0
2956,1320,1307,3150,0,0.0
2957,1289,1283,3263,0,0.0
2958,1682,1671,4078,0,0.0
2959,2992,2917,7748,0,0.0
2960,1758,1750,5493,0,0.0
2961,1746,1742,4511,0,0.0
2962,1448,1439,3236,0,0.0
2963,2376,2367,7316,0,0.0
2964,2676,2664,6251,0,0.0
2965,1464,1449,4220,0,0.0
2966,1976,1968,5692,0,0.0
2967,1499,1491,4171,0,0.0
2968,2101,2090,6874,0,0.0
2969,2055,2050,3904,0,0.0
2970,1138,1132,3857,0,0.0
2971,1896,1869,3963,0,0.0
2972,1254,1249,2888,0,0.0
2973,3762,3705,11342,0,0.0
2974,1212,1201,2838,0,0.0
2975,1904,1899,4582,0,0.0
2976,2694,2663,6171,0,0.0
2977,3050,3033,9840,0,0.0
2978,1679,1673,4372,0,0.0
2979,1613,1610,3460,0,0.0
2980,1320,1311,3026,0,0.0
2981,1605,1594,3373,0,0.0
2982,2386,2343,5749,0,0.0
2983,2730,2725,5943,0,0.0
2984,1759,1750,3840,0,0.0
2985,1760,1755,4667,0,0.0
2986,2547,2525,6739,0,0.0
2987,1656,1653,4493,0,0.0
2988,1359,1352,3024,0,0.0
2989,2405,2399,6296,0,0.0
2990,1589,1582,3831,0,0.0
2991,2226,2224,5143,0,0.0
2992,2672,2668,5928,0,0.0
2993,1211,1211,3056,0,0.0
2994,1971,1968,3683,0,0.0
2995,2455,2434,5863,0,0.0
2996,1107,1103,2504,0,0.0
2997,2146,2142,6449,0,0.0
2998,2902,2898,6955,0,0.0
2999,1915,1913,4321,0,0.0
3000,2221,2212,4575,0,0.0
3001,1428,1423,2554,0,0.0
3002,1977,1971,4009,0,0.0
3003,1493,1487,2887,0,0.0
3004,1775,1774,4459,0,0.0
